feature_index,feature_name,logistic_weight,rf_importance,shap_mean,logistic_rank,rf_rank,shap_rank
1,clip_dim_1,0.06558933756748041,0.0006155000461443911,1.353948572643519e-05,320,477,1
383,clip_dim_383,-0.3731892498922034,0.0016028139853075311,0.0,714,136,2
506,clip_dim_506,-0.09714656533647606,0.0006770177717107515,0.0,507,429,2
507,clip_dim_507,-0.08202501464184779,0.0005669066173712813,0.0,486,516,2
508,clip_dim_508,0.11530873984948069,0.0010819548039580776,0.0,260,232,2
509,clip_dim_509,-0.22097833968170366,0.0009600963316430421,0.0,638,274,2
510,clip_dim_510,-0.12841826513356253,0.0003554292580637656,0.0,537,673,2
511,clip_dim_511,-0.08092245676946787,0.0008432980371057893,0.0,485,322,2
512,clip_dim_512,-0.3431250841526071,0.0010753748742000438,0.0,705,235,2
513,clip_dim_513,0.0666715535766747,0.0005575438217811802,0.0,319,524,2
514,clip_dim_514,-0.14568764890754907,0.000324469152230849,0.0,560,705,2
515,clip_dim_515,0.18259428445636905,0.00097812742430326,0.0,178,269,2
516,clip_dim_516,-0.26881842769125625,0.002175718666246729,0.0,667,97,2
517,clip_dim_517,-0.37660195850098294,0.0021469236137614664,0.0,715,100,2
518,clip_dim_518,0.008957077451894264,0.00043737754382953785,0.0,392,618,2
519,clip_dim_519,0.04819790459202248,0.00033262612079240454,0.0,339,699,2
520,clip_dim_520,-0.23339363428804907,0.0004082926692073967,0.0,650,641,2
521,clip_dim_521,-0.2922667999296208,0.006354246356561099,0.0,680,20,2
522,clip_dim_522,0.17989631135227643,0.0006699225056476238,0.0,182,434,2
523,clip_dim_523,0.13475929164183276,0.0005133628246820735,0.0,234,554,2
524,clip_dim_524,0.06435452128522047,0.0004744789269170783,0.0,322,590,2
525,clip_dim_525,0.0022892027011730785,0.0003233492289799331,0.0,403,706,2
505,clip_dim_505,0.47593113306325696,0.0029609743231474236,0.0,23,61,2
504,clip_dim_504,-0.20993596575919485,0.0004315713852131492,0.0,623,623,2
503,clip_dim_503,0.29164990616885733,0.0013250774584847972,0.0,96,171,2
502,clip_dim_502,-0.16760830172919738,0.0006599223300699958,0.0,590,442,2
482,clip_dim_482,0.2788869382573387,0.0005060016638761182,0.0,106,559,2
483,clip_dim_483,-0.32517292200501585,0.002838326581970578,0.0,694,69,2
484,clip_dim_484,0.253879818996592,0.0007306194162752884,0.0,116,390,2
485,clip_dim_485,0.4625330591284468,0.0041568108864269765,0.0,28,41,2
486,clip_dim_486,-0.22500596549078622,0.0008398644716644862,0.0,643,325,2
487,clip_dim_487,-0.07610267410206925,0.0008240428696316585,0.0,482,335,2
488,clip_dim_488,0.3145049802885302,0.001383048072250059,0.0,79,162,2
489,clip_dim_489,0.1005244110460204,0.0006575674861220082,0.0,281,445,2
490,clip_dim_490,-0.35339659546015967,0.0003926451175993724,0.0,709,650,2
526,clip_dim_526,0.2416589464725141,0.0012728702326277868,0.0,123,182,2
491,clip_dim_491,-0.10274146188890415,0.0002793376792109128,0.0,516,730,2
493,clip_dim_493,0.2711773124182625,0.0011558175702243523,0.0,109,204,2
494,clip_dim_494,-0.01414550160776241,0.00016072774152996798,0.0,426,761,2
495,clip_dim_495,-0.0043542253939855115,0.0002801031304967415,0.0,414,728,2
496,clip_dim_496,-0.006379260673120414,0.0004483634665944779,0.0,416,608,2
497,clip_dim_497,0.09543296731258478,0.0005136455021050764,0.0,284,553,2
498,clip_dim_498,-0.16075039036546412,0.00023614454310927387,0.0,578,751,2
499,clip_dim_499,0.030837747467789094,0.0012274658722056567,0.0,367,190,2
500,clip_dim_500,0.11209900368261205,0.0003425232770925831,0.0,265,688,2
501,clip_dim_501,0.19141171008518468,0.00042413089121702075,0.0,171,629,2
492,clip_dim_492,0.028296245881007827,0.0006532127310392117,0.0,370,449,2
527,clip_dim_527,0.010296947479851508,0.0006234488511504951,0.0,389,471,2
528,clip_dim_528,-0.2817880664419522,0.0027144195139092286,0.0,673,74,2
529,clip_dim_529,-0.1355483966250404,0.0002588331691704124,0.0,548,740,2
554,clip_dim_554,0.18869179505472378,0.0009058908453829032,0.0,174,291,2
555,clip_dim_555,0.07050701546752655,0.0003144016018263878,0.0,311,709,2
556,clip_dim_556,-0.13202108104086852,0.000675074196743303,0.0,544,431,2
557,clip_dim_557,-0.08800673970633739,0.0008276107784592089,0.0,497,331,2
558,clip_dim_558,0.15699456208548268,0.0007612036985018811,0.0,214,361,2
559,clip_dim_559,-0.31772675100451436,0.002637861617600579,0.0,691,79,2
560,clip_dim_560,0.05531979204231967,0.0009930301874225703,0.0,330,265,2
561,clip_dim_561,0.15346523612815172,0.0008485009206398702,0.0,217,320,2
562,clip_dim_562,-0.009189490241823006,0.0006372914947003109,0.0,420,459,2
553,clip_dim_553,0.21669008391834463,0.0011405389767265262,0.0,143,211,2
563,clip_dim_563,-0.046739140216956646,0.00018026637407125056,0.0,459,760,2
565,clip_dim_565,-0.3257137349866598,0.0028300182227644012,0.0,695,70,2
566,clip_dim_566,-0.5611054325307764,0.006356780138164237,0.0,747,19,2
567,clip_dim_567,-0.14114909083492244,0.0012022319593233111,0.0,552,196,2
568,clip_dim_568,0.04127077591103537,0.0004427269022904181,0.0,349,614,2
569,clip_dim_569,-0.10809896583787634,0.0005626554934188157,0.0,524,518,2
570,clip_dim_570,0.33604103723130135,0.0010089296410589167,0.0,64,260,2
571,clip_dim_571,-0.21146369257601405,0.000754803699861598,0.0,626,365,2
572,clip_dim_572,0.17048918316902112,0.001081893024782953,0.0,195,233,2
573,clip_dim_573,-0.12119682304440314,0.0005338885453653224,0.0,533,538,2
564,clip_dim_564,-0.10160516788166435,0.00036430745782271596,0.0,514,668,2
481,clip_dim_481,-0.3219340931531225,0.00238388714371512,0.0,692,85,2
552,clip_dim_552,-0.4968396302345891,0.005969392654551932,0.0,741,21,2
550,clip_dim_550,-0.24160430804374464,0.0013278381307017188,0.0,654,170,2
530,clip_dim_530,-0.16612933439479194,0.00022771352949359905,0.0,588,752,2
531,clip_dim_531,0.4943952824917585,0.0038768455759378103,0.0,20,47,2
532,clip_dim_532,0.2019258559653892,0.0005613700278160987,0.0,159,520,2
533,clip_dim_533,-0.16540862127717987,0.0006788480185379585,0.0,587,427,2
534,clip_dim_534,0.016407482440602764,0.000336816745454027,0.0,380,695,2
535,clip_dim_535,-0.20049456292643217,0.0006357125295195558,0.0,614,462,2
536,clip_dim_536,-0.19764207654026927,0.0005017443556276248,0.0,608,564,2
537,clip_dim_537,-0.09306055673887957,0.00082116230594741,0.0,501,340,2
538,clip_dim_538,-0.08391281447070592,0.0008986520705293084,0.0,489,295,2
551,clip_dim_551,-0.10801397905006349,0.0010835043208643977,0.0,522,229,2
539,clip_dim_539,-0.15189832554232396,0.0002575856955402853,0.0,569,742,2
541,clip_dim_541,-0.012158934824379299,0.0006880901738336494,0.0,424,420,2
542,clip_dim_542,-0.20947783695605032,0.0009104552188695704,0.0,622,289,2
543,clip_dim_543,-0.07176892369011632,0.00033533592645483085,0.0,477,697,2
544,clip_dim_544,0.11505869738900831,6.965604875852642e-05,0.0,261,766,2
545,clip_dim_545,0.2981837557365936,0.00030232905060304725,0.0,93,717,2
546,clip_dim_546,-0.003728184743796286,0.0006319456384202712,0.0,413,466,2
547,clip_dim_547,0.1202789805368095,0.00037794367250197695,0.0,251,658,2
548,clip_dim_548,0.20467556323344063,0.0002874243623595265,0.0,158,723,2
549,clip_dim_549,0.3041055821079769,0.0010442393713624776,0.0,88,251,2
540,clip_dim_540,-0.02281239108408683,0.0002270676613344001,0.0,438,754,2
480,clip_dim_480,0.38213114943056337,0.0021687346050947172,0.0,46,99,2
479,clip_dim_479,0.17991537147383294,0.0005785104671478741,0.0,181,502,2
478,clip_dim_478,0.3041725306947987,0.0006505622312884624,0.0,87,451,2
410,clip_dim_410,-0.02477023463100006,0.0007314818744568598,0.0,441,388,2
411,clip_dim_411,0.23857492171658573,0.0010215474600735895,0.0,128,256,2
412,clip_dim_412,-0.09766759784653647,0.0006499258674538647,0.0,509,452,2
413,clip_dim_413,-0.26197766225134195,0.0008955406067876995,0.0,662,296,2
414,clip_dim_414,-0.2333196842111223,0.0007074889308194465,0.0,649,405,2
415,clip_dim_415,-0.011536023578569045,0.0004541690496360867,0.0,422,603,2
416,clip_dim_416,0.2473186007692662,0.002643160012002112,0.0,121,78,2
417,clip_dim_417,0.22979669423321236,0.0008262695820330483,0.0,134,333,2
418,clip_dim_418,0.049423150294063765,0.00040579801555765463,0.0,338,642,2
409,clip_dim_409,0.2907535873549395,0.0010187803889541694,0.0,98,257,2
419,clip_dim_419,-0.2704476281164349,0.0003695776012640261,0.0,668,662,2
421,clip_dim_421,0.14401781214241785,0.00037615497061882204,0.0,226,659,2
422,clip_dim_422,0.23951991656508628,0.0012935957037564334,0.0,126,180,2
423,clip_dim_423,-0.7444976168318501,0.0013953670470186266,0.0,765,160,2
424,clip_dim_424,0.07325091130683295,0.00035190540959375763,0.0,308,675,2
425,clip_dim_425,-0.3263814743046009,0.00056016998311775,0.0,696,523,2
426,clip_dim_426,-0.09563312989318098,0.0004818023304358794,0.0,506,583,2
427,clip_dim_427,-0.10950400279603376,0.0012183414887071778,0.0,525,193,2
428,clip_dim_428,-0.06765398209814044,0.000925440670734686,0.0,475,282,2
429,clip_dim_429,0.10920310433921196,0.000820666504554406,0.0,274,341,2
420,clip_dim_420,0.14339643565105983,0.0007111232208688833,0.0,227,402,2
430,clip_dim_430,0.1802725206960743,0.0013012126318220022,0.0,180,178,2
408,clip_dim_408,0.05015639263372888,0.0011034223989599187,0.0,337,223,2
406,clip_dim_406,-0.11486054721579997,0.0007315843332000356,0.0,530,387,2
386,clip_dim_386,0.12852101795256352,0.0016412986573428705,0.0,237,131,2
387,clip_dim_387,0.1821166727745509,0.0008566652627211199,0.0,179,317,2
388,clip_dim_388,0.008751900710513495,0.0006964577313872981,0.0,394,411,2
389,clip_dim_389,0.6995397530003616,0.0026079782367730187,0.0,7,80,2
390,clip_dim_390,-0.3800186965961817,0.001974973914175181,0.0,717,106,2
391,clip_dim_391,0.23634068468639613,0.0007041032809793122,0.0,129,407,2
392,clip_dim_392,0.2309142903332309,0.0011228261722802445,0.0,133,219,2
393,clip_dim_393,0.30809377137660277,0.0009602284575878,0.0,83,273,2
394,clip_dim_394,-0.1988040805638445,0.0005225960346680759,0.0,612,542,2
407,clip_dim_407,-0.43719559374118455,0.00181011873348052,0.0,731,120,2
395,clip_dim_395,-0.16389129811221928,0.0009321532018596412,0.0,583,281,2
397,clip_dim_397,0.06816541258747169,0.0002583089450651443,0.0,316,741,2
398,clip_dim_398,-0.27388767129308544,0.0009359609428064318,0.0,670,279,2
399,clip_dim_399,-0.0670458206922202,0.0003661003384117525,0.0,472,666,2
400,clip_dim_400,0.2116424290224107,0.0006372874444578376,0.0,146,460,2
401,clip_dim_401,0.14184844240419514,0.0005168681832521086,0.0,230,547,2
402,clip_dim_402,1.1788867512883106,0.0249263992198511,0.0,1,1,2
403,clip_dim_403,0.0906533529622303,0.0007122813210548593,0.0,292,401,2
404,clip_dim_404,0.11987505145211752,0.0007961953899580037,0.0,252,349,2
405,clip_dim_405,0.28812018926529664,0.0027562919384446403,0.0,100,72,2
396,clip_dim_396,0.12712379166074328,0.000703753192693581,0.0,239,408,2
574,clip_dim_574,0.08369022624837943,0.0002458794598160375,0.0,298,747,2
431,clip_dim_431,-0.10015239226510449,0.0004044690108281731,0.0,511,644,2
433,clip_dim_433,-0.10061749029010769,0.0004978559175315959,0.0,513,570,2
458,clip_dim_458,-0.38181593430138433,0.0008244255866399136,0.0,719,334,2
459,clip_dim_459,0.37527439778184274,0.003039800260854861,0.0,49,57,2
460,clip_dim_460,0.029637682644752705,0.000500590555016735,0.0,368,567,2
461,clip_dim_461,-0.33310217338347775,0.0026812660148949796,0.0,700,76,2
462,clip_dim_462,0.1342619141794043,0.0010623540441521034,0.0,235,239,2
463,clip_dim_463,0.2389131464731525,0.00033104050361695413,0.0,127,701,2
464,clip_dim_464,-0.1441495752823639,0.0004960108428131602,0.0,559,575,2
465,clip_dim_465,-0.326489878899642,0.0006347147113881385,0.0,697,463,2
466,clip_dim_466,-0.20671374796894398,0.00046543661058053086,0.0,619,595,2
457,clip_dim_457,-0.12504340023454874,0.0004171258177958306,0.0,536,636,2
467,clip_dim_467,0.06674047066378405,0.00025689292149119617,0.0,318,743,2
469,clip_dim_469,0.3264886836090975,0.0013291588535314979,0.0,69,169,2
470,clip_dim_470,-0.41232733490280726,0.001636306607851421,0.0,726,132,2
471,clip_dim_471,0.2513110853641695,0.0006082507358309361,0.0,118,482,2
472,clip_dim_472,-0.6731146726221883,0.007531432012280458,0.0,761,14,2
473,clip_dim_473,0.08588474752662013,0.0003407809449377469,0.0,296,691,2
474,clip_dim_474,0.11085999053171303,0.0004851837889816464,0.0,269,580,2
475,clip_dim_475,-0.32352374601845746,0.0012411592444398947,0.0,693,187,2
476,clip_dim_476,0.3363139305430926,0.001091261377883734,0.0,63,224,2
477,clip_dim_477,0.4143994499840989,0.00487581256199994,0.0,40,28,2
468,clip_dim_468,0.28599939791848417,0.0008816169177198395,0.0,101,302,2
432,clip_dim_432,0.1926724930190086,0.00034613835097553825,0.0,170,681,2
456,clip_dim_456,-0.12841953114283583,0.0006239992325386061,0.0,538,469,2
454,clip_dim_454,0.3230695832014058,0.001969136278027743,0.0,71,108,2
434,clip_dim_434,-0.16310091268947208,0.0004357575187418242,0.0,581,620,2
435,clip_dim_435,0.2956358034990095,0.0009931713362635807,0.0,95,264,2
436,clip_dim_436,-0.4530768443094714,0.004787030625656726,0.0,733,30,2
437,clip_dim_437,0.15570159182561824,0.0005513259032114885,0.0,215,528,2
438,clip_dim_438,-0.03544104855480893,0.00022456662192034017,0.0,451,755,2
439,clip_dim_439,0.1973403694989758,0.0005777488668781269,0.0,164,504,2
440,clip_dim_440,-0.21252797086305536,0.0004976695452887127,0.0,628,572,2
441,clip_dim_441,-0.46438415967789964,0.001635685770539696,0.0,735,133,2
442,clip_dim_442,0.3826031634530291,0.0010326364907442117,0.0,45,253,2
455,clip_dim_455,0.20163646296181909,0.0010807427390172142,0.0,161,234,2
443,clip_dim_443,-0.264294796910586,0.0025230282758271086,0.0,664,82,2
445,clip_dim_445,0.21764936104833232,0.0024872723889914836,0.0,142,83,2
446,clip_dim_446,0.013163807802765805,0.00040143331360124494,0.0,387,646,2
447,clip_dim_447,0.1393035784961004,0.0008651737467816128,0.0,231,309,2
448,clip_dim_448,-0.6045446878674826,0.010996708038929992,0.0,754,7,2
449,clip_dim_449,-0.3043382559967154,0.0015369678598212582,0.0,688,144,2
450,clip_dim_450,0.27283698754575314,0.0009129459402294999,0.0,108,288,2
451,clip_dim_451,0.16980575301780124,0.00042988348312018615,0.0,198,625,2
452,clip_dim_452,0.4146957217794071,0.0008572561995510839,0.0,39,316,2
453,clip_dim_453,-0.049210533585880165,0.0007636309395763276,0.0,460,360,2
444,clip_dim_444,0.09254626282207147,0.00034428955036193095,0.0,290,684,2
575,clip_dim_575,0.33783516596789176,0.0008459649122194346,0.0,62,321,2
576,clip_dim_576,-0.28749417535312716,0.0011983332328276504,0.0,679,197,2
577,clip_dim_577,-0.024333152887045895,0.0003571700951292667,0.0,439,671,2
698,clip_dim_698,-0.22923017295669118,0.0005130380933867951,0.0,644,555,2
699,clip_dim_699,0.15799224228601222,0.0007234396038526684,0.0,213,399,2
700,clip_dim_700,0.07248751531260517,8.55421899933602e-05,0.0,310,765,2
701,clip_dim_701,-0.25546536597272895,0.002174129058520813,0.0,660,98,2
702,clip_dim_702,0.2482956511520703,0.0010565314130238765,0.0,119,242,2
703,clip_dim_703,-0.16228257351663627,0.0010076851822853785,0.0,579,261,2
704,clip_dim_704,0.1460314459623813,0.0007477928280274031,0.0,224,370,2
705,clip_dim_705,0.013329515290100118,0.000570458848243977,0.0,386,512,2
706,clip_dim_706,0.047121490245208425,0.0002540828031983919,0.0,343,744,2
697,clip_dim_697,0.10507019476230176,0.000642680166841532,0.0,276,455,2
707,clip_dim_707,-0.43532245928442415,0.0013139180690350854,0.0,730,174,2
709,clip_dim_709,-0.09726502583810269,0.00039244785938186323,0.0,508,651,2
710,clip_dim_710,-0.40128143628832785,0.0010906183125783343,0.0,724,225,2
711,clip_dim_711,-0.5757441949772133,0.0036463587858959487,0.0,750,50,2
712,clip_dim_712,0.11185159103164002,0.0004782164596413673,0.0,267,587,2
713,clip_dim_713,0.12700732224798203,0.000653278906201942,0.0,240,448,2
714,clip_dim_714,0.008796244065891697,0.0007567713486923985,0.0,393,363,2
715,clip_dim_715,0.12088398959468177,0.00045548627023742864,0.0,250,602,2
716,clip_dim_716,-0.15531850787274928,0.0005139264343649347,0.0,573,552,2
717,clip_dim_717,0.07581721045389268,0.0005233904087922549,0.0,305,541,2
708,clip_dim_708,0.2322679885527509,0.0018406883602406978,0.0,132,118,2
718,clip_dim_718,0.3384799970157683,0.0023105008859222787,0.0,61,88,2
696,clip_dim_696,0.16312370195096423,0.0006169079117903803,0.0,208,476,2
694,clip_dim_694,-0.1839031876844466,0.000658614445149801,0.0,603,443,2
674,clip_dim_674,-0.043248785089701904,0.0008288687311905287,0.0,457,330,2
675,clip_dim_675,-0.2968825377597226,0.0032396920932379414,0.0,682,55,2
676,clip_dim_676,-0.15146090392636435,0.0005602508256648176,0.0,568,522,2
677,clip_dim_677,-0.2532194625890634,0.001306470024291406,0.0,659,177,2
678,clip_dim_678,-0.04245264636030546,0.0008168644334889292,0.0,456,343,2
679,clip_dim_679,0.20880067396917548,0.0003439738977278173,0.0,154,685,2
680,clip_dim_680,-0.43875959088200295,0.0032894999486824147,0.0,732,53,2
681,clip_dim_681,0.21074874969989282,0.001309025299559355,0.0,147,176,2
682,clip_dim_682,-0.17113599227415438,0.0006304039088934129,0.0,592,467,2
695,clip_dim_695,-0.2507267489660593,0.00121875575510248,0.0,658,192,2
683,clip_dim_683,0.05956852927687911,0.0009841045224172505,0.0,326,268,2
685,clip_dim_685,-0.5628726163124969,0.002652677265575114,0.0,748,77,2
686,clip_dim_686,-0.1420155352843839,0.0004673052132437574,0.0,555,594,2
687,clip_dim_687,0.09836459260494639,0.0007065028388009637,0.0,282,406,2
688,clip_dim_688,-0.08585082361971434,0.0008398347438779636,0.0,494,326,2
689,clip_dim_689,0.006669037177805501,0.0007665534462086774,0.0,396,356,2
690,clip_dim_690,0.33439563697609825,0.0008429853677813246,0.0,66,323,2
691,clip_dim_691,-0.1072408955804926,0.00044581057596929736,0.0,520,611,2
692,clip_dim_692,0.3614501531645332,0.003830891746959982,0.0,52,48,2
693,clip_dim_693,-0.07359285374327254,0.0006404243862878402,0.0,480,457,2
684,clip_dim_684,-0.020547043513483465,0.00027837442918696663,0.0,435,732,2
673,clip_dim_673,0.4432927823571953,0.001964591664254908,0.0,32,109,2
719,clip_dim_719,-0.42997144346617877,0.0004960838703840196,0.0,729,574,2
721,clip_dim_721,0.3458959727034122,0.0021871430401984547,0.0,55,95,2
746,clip_dim_746,0.014525356787344054,0.0006073693931975515,0.0,383,483,2
747,clip_dim_747,-0.14158792245424578,0.0005479545428497265,0.0,553,530,2
748,clip_dim_748,-0.0029185817818287536,0.0004129795748755986,0.0,409,639,2
749,clip_dim_749,0.09262897298277484,0.0005731664375429397,0.0,289,508,2
750,clip_dim_750,0.14728239109683877,0.00069083629672124,0.0,223,414,2
751,clip_dim_751,-0.5601529637354101,0.00181143494891265,0.0,746,119,2
752,clip_dim_752,-0.18193313739405462,0.0006627105254087107,0.0,601,438,2
753,clip_dim_753,0.11613271535298657,0.0006514358569560828,0.0,259,450,2
754,clip_dim_754,0.36015595556262303,0.001375766339102597,0.0,53,163,2
745,clip_dim_745,0.02032094776029375,0.0008422370869161119,0.0,376,324,2
755,clip_dim_755,-0.0731897963114764,0.0006185877658316451,0.0,479,474,2
757,clip_dim_757,0.22928597354229233,0.00034534977655930775,0.0,135,682,2
758,clip_dim_758,0.06235830367072632,0.0003909449517739263,0.0,323,652,2
759,clip_dim_759,-0.0067240513384401925,0.000683217904678009,0.0,417,425,2
760,clip_dim_760,0.023781967521597967,0.0002761802427642389,0.0,375,733,2
761,clip_dim_761,0.1797776236732226,0.0010536347298273497,0.0,183,243,2
762,clip_dim_762,-0.08493180722701137,0.0010018931057034102,0.0,492,262,2
763,clip_dim_763,0.11789149353989603,0.00047801307062816906,0.0,256,588,2
764,clip_dim_764,-0.10240417575548476,0.0006546222180757145,0.0,515,446,2
765,clip_dim_765,0.07535552969507071,0.0007597460970663855,0.0,306,362,2
756,clip_dim_756,0.21802815682983454,0.0008929651195411332,0.0,141,298,2
720,clip_dim_720,0.050459600226335825,0.0003532411701220524,0.0,335,674,2
744,clip_dim_744,-0.2145969126415928,0.0002794479283369026,0.0,629,729,2
742,clip_dim_742,-0.22376206439975646,0.0014055081385855098,0.0,641,159,2
722,clip_dim_722,0.12111723493926181,0.000752961922776341,0.0,249,367,2
723,clip_dim_723,-0.013790497076263937,0.00030256540138313547,0.0,425,716,2
724,clip_dim_724,-0.36265792269881186,0.0017369015768612067,0.0,711,126,2
725,clip_dim_725,-0.04484535831548426,0.00034318053644817804,0.0,458,687,2
726,clip_dim_726,0.17015169500470814,0.0007767829183742426,0.0,197,351,2
727,clip_dim_727,0.1614694963471886,0.00044609471655273464,0.0,209,610,2
728,clip_dim_728,-0.367193357993586,0.0032560295854127427,0.0,713,54,2
729,clip_dim_729,0.08037593339449534,0.0011833222734935194,0.0,301,200,2
730,clip_dim_730,0.10257550750662073,0.000611301718108462,0.0,278,481,2
743,clip_dim_743,-0.7825692429373212,0.013980051015126851,0.0,766,5,2
731,clip_dim_731,0.16007392188894592,0.0004650643683053758,0.0,211,596,2
733,clip_dim_733,0.003263457823390193,0.0006027386728925217,0.0,400,487,2
734,clip_dim_734,0.20745292696359546,0.0007347602267012497,0.0,155,384,2
735,clip_dim_735,-0.6963507008799977,0.0028507015994967484,0.0,763,66,2
736,clip_dim_736,0.0725298837068313,0.0003559610775268794,0.0,309,672,2
737,clip_dim_737,-0.19836842916447528,0.0007700658529986595,0.0,611,353,2
738,clip_dim_738,-0.0643327911303586,0.0007251559692711145,0.0,469,395,2
739,clip_dim_739,0.36954898426194777,0.001972383354999835,0.0,51,107,2
740,clip_dim_740,-0.10334690986931486,0.0008699218562645629,0.0,517,308,2
741,clip_dim_741,-0.14256141004814893,0.0006889194658429503,0.0,558,419,2
732,clip_dim_732,0.01744319431196098,0.00043950558625558187,0.0,379,616,2
385,clip_dim_385,-0.06759326575580432,0.0008853830159486565,0.0,474,301,2
672,clip_dim_672,0.17165929335274088,0.00037513003892641184,0.0,193,660,2
670,clip_dim_670,0.03892214293858426,0.00030136596219913775,0.0,356,719,2
602,clip_dim_602,0.12364983651853576,0.0003418560337106911,0.0,242,689,2
603,clip_dim_603,-0.279728582002226,0.0010468790118506556,0.0,672,249,2
604,clip_dim_604,-0.258002038161191,0.0017605577291730308,0.0,661,123,2
605,clip_dim_605,0.03939992235744166,0.000316303657291782,0.0,353,708,2
606,clip_dim_606,-0.3879632593761317,0.0023041199818827902,0.0,720,89,2
607,clip_dim_607,-0.21778625229257056,0.0006174296288514308,0.0,633,475,2
608,clip_dim_608,0.16503724611485018,0.0006797807010397194,0.0,205,426,2
609,clip_dim_609,0.284821239899865,0.001587410904092871,0.0,102,138,2
610,clip_dim_610,0.16521937735266318,0.00039795817429544663,0.0,204,649,2
601,clip_dim_601,-0.25055517942078503,0.0008508623308281991,0.0,657,319,2
611,clip_dim_611,0.17889173408257547,0.0006545565577644277,0.0,185,447,2
613,clip_dim_613,0.0839052561575487,0.0002275763218399638,0.0,297,753,2
614,clip_dim_614,0.5087747708687368,0.0027349327363982196,0.0,18,73,2
615,clip_dim_615,0.04624869069704379,0.000511978528159601,0.0,344,557,2
616,clip_dim_616,-0.23504591754078122,0.0005449740118088029,0.0,652,531,2
617,clip_dim_617,0.11198200182488229,0.0006331028088134155,0.0,266,465,2
618,clip_dim_618,-0.020990633003615478,0.0002791038452474257,0.0,436,731,2
619,clip_dim_619,-0.091383446960447,0.00046876106143240435,0.0,500,592,2
620,clip_dim_620,-0.0035267550130265914,0.0006836744099016867,0.0,412,424,2
621,clip_dim_621,-0.17734964623599955,0.0004411658738986545,0.0,596,615,2
612,clip_dim_612,0.4665140179033791,0.004468430671849411,0.0,26,34,2
622,clip_dim_622,0.0930636825246852,0.0008347602744613098,0.0,288,327,2
600,clip_dim_600,-0.07005553524805203,0.0005516236100068017,0.0,476,527,2
598,clip_dim_598,-0.12365779936209065,0.0010509611137532184,0.0,534,247,2
578,clip_dim_578,-0.2717811040185395,0.0011303640631743401,0.0,669,218,2
579,clip_dim_579,0.31184780495277464,0.0005677677998650076,0.0,80,514,2
580,clip_dim_580,0.035400495216840154,0.00042602107890342823,0.0,359,628,2
581,clip_dim_581,-0.4743591731121872,0.0007767091415125378,0.0,738,352,2
582,clip_dim_582,0.23609337043395887,0.000746939463286336,0.0,130,371,2
583,clip_dim_583,0.23980306886825506,0.0011318189253440311,0.0,125,217,2
584,clip_dim_584,0.4488472755906867,0.006984924830788588,0.0,30,17,2
585,clip_dim_585,0.08607091411563732,4.574681678399877e-05,0.0,295,768,2
586,clip_dim_586,0.4127848046085262,0.004682375205618794,0.0,42,32,2
599,clip_dim_599,-0.389864842922466,0.0008702559998009704,0.0,721,307,2
587,clip_dim_587,0.027127901165111795,0.000691832688038418,0.0,373,413,2
589,clip_dim_589,0.18680918008002062,0.001173641029179877,0.0,176,203,2
590,clip_dim_590,-0.19896836411823202,0.0012782671818303796,0.0,613,181,2
591,clip_dim_591,0.17130318005899559,0.0006946271561179061,0.0,194,412,2
592,clip_dim_592,-0.874185786837091,0.0075790417082319895,0.0,767,13,2
593,clip_dim_593,0.05412716169289538,0.00031433861675518663,0.0,331,710,2
594,clip_dim_594,-0.20055909348706408,0.00028434035417102454,0.0,615,725,2
595,clip_dim_595,-0.028803967244356753,0.0005122736402480117,0.0,446,556,2
596,clip_dim_596,0.04006742948400198,0.0005002125364578184,0.0,351,568,2
597,clip_dim_597,-0.21854578651273593,0.0011374890894620226,0.0,635,213,2
588,clip_dim_588,0.19376159451848313,0.00045003554569124224,0.0,167,606,2
671,clip_dim_671,0.16114540407006903,0.0008640279343005395,0.0,210,311,2
623,clip_dim_623,0.0032231408519563798,0.0004199208904847724,0.0,401,634,2
625,clip_dim_625,-0.18646677563946354,0.000615026242832516,0.0,604,478,2
650,clip_dim_650,-0.4837332744753833,0.0027751576280347573,0.0,740,71,2
651,clip_dim_651,-0.059379058346188944,0.0007087279147629648,0.0,468,404,2
652,clip_dim_652,0.009678105025510631,0.0005882755828087204,0.0,390,495,2
653,clip_dim_653,0.12120566806464156,0.0009060391445106004,0.0,248,290,2
654,clip_dim_654,0.2966834710964718,0.0017551631136648695,0.0,94,124,2
655,clip_dim_655,0.4385511796822845,0.002074515795495265,0.0,35,104,2
656,clip_dim_656,-0.016207728981259176,0.0007306861140382164,0.0,429,389,2
657,clip_dim_657,-0.3910258467349823,0.0014883871761335007,0.0,722,151,2
658,clip_dim_658,-0.3270916485627494,0.0033375752088534243,0.0,698,52,2
649,clip_dim_649,0.35142178153491094,0.001782413076732823,0.0,54,122,2
659,clip_dim_659,0.4417489003622045,0.0019300767613220071,0.0,33,112,2
661,clip_dim_661,0.2071659342768825,0.0009030110881326594,0.0,156,293,2
662,clip_dim_662,-0.2998903331689566,0.0011506011498137578,0.0,685,207,2
663,clip_dim_663,-0.12013573745094179,0.0008235366309863739,0.0,532,336,2
664,clip_dim_664,0.11223767085316742,0.000469318883795366,0.0,263,591,2
665,clip_dim_665,0.17796304693730217,0.0007639877974693994,0.0,188,359,2
666,clip_dim_666,0.05917730040211697,0.0003506678773463386,0.0,327,678,2
667,clip_dim_667,0.11008315972934113,0.0004916456398767701,0.0,272,578,2
668,clip_dim_668,0.12365856806704179,0.00047509320827018506,0.0,241,589,2
669,clip_dim_669,0.047570860668154094,0.0006614963803625595,0.0,341,440,2
660,clip_dim_660,0.11974913854165331,0.0003285527299538161,0.0,253,703,2
624,clip_dim_624,-0.08446764803341182,0.00045821084326640437,0.0,491,601,2
648,clip_dim_648,0.10178640504104709,0.0005824727867071158,0.0,280,498,2
646,clip_dim_646,-0.6202695615780648,0.011771350666658997,0.0,758,6,2
626,clip_dim_626,-0.028189050138350203,0.0005019241439423204,0.0,445,563,2
627,clip_dim_627,0.01985258029782007,0.0005324452958447337,0.0,377,540,2
628,clip_dim_628,-0.10512784931268425,0.000644920542780453,0.0,519,454,2
629,clip_dim_629,-0.21498733780482748,0.0014312192844515399,0.0,630,156,2
630,clip_dim_630,0.016043563097103752,0.0004002781433242224,0.0,381,648,2
631,clip_dim_631,0.03972115059644609,0.0005741651112766534,0.0,352,507,2
632,clip_dim_632,0.19029800383009096,0.000594930448494757,0.0,172,492,2
633,clip_dim_633,0.038253293690174744,0.0007535373646229975,0.0,357,366,2
634,clip_dim_634,0.20676566031319152,0.0012718293455863264,0.0,157,183,2
647,clip_dim_647,0.30164249836145424,0.0028398561530178115,0.0,90,68,2
635,clip_dim_635,0.03913880469985735,0.0010394713231510733,0.0,355,252,2
637,clip_dim_637,0.0457103094882318,0.00033950461585650064,0.0,345,693,2
638,clip_dim_638,-0.21897871717144177,0.001073497713722786,0.0,636,237,2
639,clip_dim_639,-0.21815435952113885,0.0010228980958908334,0.0,634,255,2
640,clip_dim_640,0.16961298940961944,0.0007033428016074747,0.0,199,409,2
641,clip_dim_641,-0.0023137955455895132,0.0010110935189804008,0.0,407,259,2
642,clip_dim_642,0.2531626308796109,0.0019241762386147552,0.0,117,113,2
643,clip_dim_643,-0.5647358025781993,0.009748590156707133,0.0,749,10,2
644,clip_dim_644,0.20994237785280237,0.0006238233693835697,0.0,150,470,2
645,clip_dim_645,0.26861562025525804,0.0010574182875955215,0.0,111,241,2
636,clip_dim_636,0.4720850794384824,0.001937220170660124,0.0,24,111,2
384,clip_dim_384,0.20042403390229788,0.0012095324503978591,0.0,162,195,2
767,clip_dim_767,-0.3425855445917094,0.0007675677849382933,0.0,704,355,2
382,clip_dim_382,0.2642341861016174,0.0004902413228351269,0.0,113,579,2
122,clip_dim_122,-0.2120975264768862,0.0006274362068756939,0.0,627,468,2
123,clip_dim_123,-0.10990553367973684,0.0007651530171199399,0.0,526,357,2
124,clip_dim_124,0.28961142955144487,0.001083432108517313,0.0,99,230,2
125,clip_dim_125,-0.17234184694099006,0.0007364319272859319,0.0,593,380,2
126,clip_dim_126,-0.13081349767374068,0.00041703160106063426,0.0,541,637,2
127,clip_dim_127,-0.5383630235402371,0.024214926022634788,0.0,745,2,2
128,clip_dim_128,0.09553409378759616,0.0008800215217846532,0.0,283,304,2
129,clip_dim_129,0.141889859291504,0.0007276739364214144,0.0,229,392,2
130,clip_dim_130,0.20185567221733294,0.001310370717621174,0.0,160,175,2
121,clip_dim_121,0.28395472592126375,0.0012952048151632905,0.0,103,179,2
131,clip_dim_131,0.076910945236876,0.0005644307713924617,0.0,303,517,2
133,clip_dim_133,0.2784656856956193,0.0006900194611830817,0.0,107,417,2
134,clip_dim_134,-0.14686773523276372,0.000461374713723553,0.0,563,600,2
135,clip_dim_135,-0.08739174498355665,0.0006636085756213184,0.0,496,437,2
136,clip_dim_136,-0.09483232077233,0.0006850896078710441,0.0,505,422,2
137,clip_dim_137,-0.5363001645824862,0.0009484944391449157,0.0,743,275,2
138,clip_dim_138,-0.2295564897578345,0.0003180807159707109,0.0,645,707,2
139,clip_dim_139,0.3180121476498765,0.0011469857057949402,0.0,75,209,2
140,clip_dim_140,-0.006374196594731282,0.0003255262367767107,0.0,415,704,2
141,clip_dim_141,-0.3532578732668508,0.004815433434879222,0.0,708,29,2
132,clip_dim_132,0.1332310473973978,0.00026972951607614863,0.0,236,735,2
142,clip_dim_142,-0.024532789197006716,0.0006383977546946001,0.0,440,458,2
120,clip_dim_120,0.1431074554754675,0.0005765156216957046,0.0,228,506,2
118,clip_dim_118,0.05039007594287832,0.0004348748272678658,0.0,336,621,2
98,clip_dim_98,0.24094308206650064,0.000400886558123595,0.0,124,647,2
99,clip_dim_99,0.30438831721149673,0.0005422519989597553,0.0,86,533,2
100,clip_dim_100,0.1899338132598465,0.0005354821132530412,0.0,173,536,2
101,clip_dim_101,-0.1378627889313815,0.000893571688111778,0.0,549,297,2
102,clip_dim_102,0.094201536703142,0.0006904633057600064,0.0,285,416,2
103,clip_dim_103,-0.02778049432392052,0.0004279047737144971,0.0,444,627,2
104,clip_dim_104,0.7435290788810859,0.00976854717720428,0.0,5,9,2
105,clip_dim_105,-0.11118896169440701,0.0007235644007344682,0.0,527,398,2
106,clip_dim_106,-0.3810098858081597,0.0029086285903037567,0.0,718,64,2
119,clip_dim_119,0.052719871055257536,0.000496150076238931,0.0,332,573,2
107,clip_dim_107,-0.13416977328031277,0.00043153855057502196,0.0,545,624,2
109,clip_dim_109,-0.6093570112460607,0.002925208871460931,0.0,756,63,2
110,clip_dim_110,0.07588912221954336,0.0006344558225397181,0.0,304,464,2
111,clip_dim_111,-0.2337782399297587,0.000621078241829075,0.0,651,473,2
112,clip_dim_112,0.24811977540385458,0.0005712871942674517,0.0,120,510,2
113,clip_dim_113,0.04760771753497886,0.0006421988880479721,0.0,340,456,2
114,clip_dim_114,0.18658589341659462,0.0005670619574205976,0.0,177,515,2
115,clip_dim_115,0.5384437051538222,0.005523243501804166,0.0,17,24,2
116,clip_dim_116,0.04518801396506887,0.0009036577998851275,0.0,346,292,2
117,clip_dim_117,0.10181921435477725,0.0005779580979324605,0.0,279,503,2
108,clip_dim_108,0.09378855325821928,0.0007242947852279129,0.0,286,396,2
97,clip_dim_97,0.11015984485755742,0.00026981675034687804,0.0,271,734,2
143,clip_dim_143,-0.26857789507666685,0.001614110694270049,0.0,666,135,2
145,clip_dim_145,-0.3492137934919223,0.00235227413717653,0.0,707,86,2
170,clip_dim_170,-0.0028608419172252916,0.0005014748349921085,0.0,408,565,2
171,clip_dim_171,0.07988698958126958,0.001350679968260633,0.0,302,165,2
172,clip_dim_172,0.01562104901039824,0.0005712792480509678,0.0,382,511,2
173,clip_dim_173,-0.12413754422122636,0.0005982370687807128,0.0,535,491,2
174,clip_dim_174,0.03490403749898005,0.0005328390977395288,0.0,360,539,2
175,clip_dim_175,-0.3144061153454883,0.0007006128087216453,0.0,690,410,2
176,clip_dim_176,-0.16453275747829402,0.0006864994182146407,0.0,586,421,2
177,clip_dim_177,0.2912662981397574,0.00529116363308357,0.0,97,25,2
178,clip_dim_178,0.45480958612002104,0.000915056372713401,0.0,29,285,2
169,clip_dim_169,-0.5370592940316894,0.004185030524449225,0.0,744,40,2
179,clip_dim_179,0.30851749941989354,0.0010900559005610384,0.0,82,226,2
181,clip_dim_181,-0.15670287930953647,0.0009425658260749343,0.0,575,277,2
182,clip_dim_182,0.21499964291579396,0.0009324168650830931,0.0,144,280,2
183,clip_dim_183,-0.13528583382570347,0.0004953105023998094,0.0,547,576,2
184,clip_dim_184,-0.05220776504073871,0.0004782218538120675,0.0,463,586,2
185,clip_dim_185,0.21834957591603096,0.0006908178717605348,0.0,140,415,2
186,clip_dim_186,0.1367160241186449,0.0005987219514185611,0.0,233,490,2
187,clip_dim_187,-0.3768000936578272,0.0019079322687324644,0.0,716,114,2
188,clip_dim_188,-0.011648751640699265,0.0004981552666302035,0.0,423,569,2
189,clip_dim_189,-0.1420641125511025,0.0011079914553854522,0.0,556,221,2
180,clip_dim_180,0.03109120273551379,0.0005046745655945741,0.0,366,560,2
144,clip_dim_144,0.5395134164285134,0.002228403524398332,0.0,16,94,2
168,clip_dim_168,-0.21082146501712765,0.0010135891167007852,0.0,625,258,2
166,clip_dim_166,0.2640224211355606,0.0010512409680681512,0.0,114,246,2
146,clip_dim_146,0.2255323408641704,0.0015369647526624498,0.0,137,145,2
147,clip_dim_147,0.5966358152096879,0.004396981735990461,0.0,14,36,2
148,clip_dim_148,0.1702673223448689,0.0016634339500265734,0.0,196,129,2
149,clip_dim_149,0.318044838118376,0.001174859901464474,0.0,74,201,2
150,clip_dim_150,-0.201175299495875,0.0008650536092674566,0.0,616,310,2
151,clip_dim_151,0.391947573206394,0.0009776069869244374,0.0,44,270,2
152,clip_dim_152,0.13674679760800365,0.0004369048299637308,0.0,232,619,2
153,clip_dim_153,0.34270685680749424,0.0010493247647937595,0.0,56,248,2
154,clip_dim_154,-0.2973309477308184,0.003176463617960114,0.0,683,56,2
167,clip_dim_167,0.3190187816176892,0.0009473573550992969,0.0,73,276,2
155,clip_dim_155,0.4411659927216544,0.00194474012552197,0.0,34,110,2
157,clip_dim_157,0.0033514795315050198,0.00038520361026990414,0.0,399,655,2
158,clip_dim_158,-0.008841864922191685,0.00041339636641899585,0.0,419,638,2
159,clip_dim_159,0.2124997840349815,0.0003320584543635858,0.0,145,700,2
160,clip_dim_160,0.3175833529055831,0.0010516209831287926,0.0,76,245,2
161,clip_dim_161,-0.2755382827657633,0.0008622102178842625,0.0,671,312,2
162,clip_dim_162,-0.17938063751718683,0.0008213473217898655,0.0,598,339,2
163,clip_dim_163,0.009248212392102516,0.0005149012914263202,0.0,391,550,2
164,clip_dim_164,-0.06456545430971189,0.0011045463647416196,0.0,470,222,2
165,clip_dim_165,-0.07181933163050593,0.0007520770722986593,0.0,478,368,2
156,clip_dim_156,0.14760639523259536,0.0004294360754864948,0.0,222,626,2
190,clip_dim_190,0.2584379710278629,0.0006770788323156065,0.0,115,428,2
96,clip_dim_96,0.1776038593002696,0.000341486329432665,0.0,189,690,2
94,clip_dim_94,-0.01641018092246881,0.0008585501633169854,0.0,430,313,2
26,clip_dim_26,-0.18949250178055108,0.0003016654226163695,0.0,605,718,2
27,clip_dim_27,-0.00042757907499295193,0.00012981033410707892,0.0,405,762,2
28,clip_dim_28,0.12724379247436543,0.0004843950613819376,0.0,238,581,2
29,clip_dim_29,0.06755179699810729,0.00021141313387495358,0.0,317,757,2
30,clip_dim_30,0.05055322480241483,0.0005142484873012667,0.0,334,551,2
31,clip_dim_31,0.17280156470077054,0.0005171641170614499,0.0,192,546,2
32,clip_dim_32,0.33923480703204106,0.0018437865571284183,0.0,60,117,2
33,clip_dim_33,-0.0221305923526519,0.0013184573840921614,0.0,437,173,2
34,clip_dim_34,0.010747832723444019,0.000569072044980759,0.0,388,513,2
25,clip_dim_25,-0.14244903659939226,0.00075485234681691,0.0,557,364,2
35,clip_dim_35,0.19309093656780665,0.0005563412408417955,0.0,168,525,2
37,clip_dim_37,0.11218785227900248,0.0012243255945098264,0.0,264,191,2
38,clip_dim_38,0.06498237755449289,0.00040492549344723407,0.0,321,643,2
39,clip_dim_39,-0.6059565528277786,0.0022398361263117703,0.0,755,93,2
40,clip_dim_40,-0.03473933078551248,0.00035101791690475185,0.0,450,677,2
41,clip_dim_41,-0.1409889233697094,0.000603543116398531,0.0,551,485,2
42,clip_dim_42,0.15054238093351177,0.0008584800461680983,0.0,221,314,2
43,clip_dim_43,0.08351903936908547,0.0006747741820442763,0.0,299,432,2
44,clip_dim_44,-0.36436870364252855,0.0014064809182804873,0.0,712,158,2
45,clip_dim_45,-0.16707641572086843,0.0010314568350541712,0.0,589,254,2
36,clip_dim_36,0.17736084107067818,0.00098816700225159,0.0,190,267,2
46,clip_dim_46,0.10935105733029928,0.0004936588663498541,0.0,273,577,2
24,clip_dim_24,-0.09093246249041423,0.0008153240306921466,0.0,499,344,2
22,clip_dim_22,-0.5068186289896408,0.005743359712329589,0.0,742,22,2
2,clip_dim_2,-0.13428490717420355,0.0007376044031018728,0.0,546,378,2
3,clip_dim_3,-0.08690977249199634,0.00068935540538005,0.0,495,418,2
4,clip_dim_4,-0.2831396451978564,0.0014379307206729276,0.0,676,154,2
5,clip_dim_5,0.0024410571534361474,0.0008340185809409718,0.0,402,328,2
6,clip_dim_6,-0.7242239786294034,0.014776683041157678,0.0,764,4,2
7,clip_dim_7,-0.15038261765835478,0.0007272686082158709,0.0,566,393,2
8,clip_dim_8,-0.027210564182058073,0.0005351715700966903,0.0,443,537,2
9,clip_dim_9,0.40521919044233357,0.0024839714708438355,0.0,43,84,2
10,clip_dim_10,-0.20754702520262708,0.0020995802916692788,0.0,620,103,2
23,clip_dim_23,0.06196159027925809,0.00044396920723990303,0.0,324,613,2
11,clip_dim_11,-0.07757100977852324,0.00038878526935958997,0.0,484,653,2
13,clip_dim_13,0.20910174104781565,0.0006495303547251031,0.0,153,453,2
14,clip_dim_14,0.20977940816013094,0.0006213430802345595,0.0,152,472,2
15,clip_dim_15,-0.11353045190077901,0.00045041896334818736,0.0,529,605,2
16,clip_dim_16,-0.23139315830397758,0.0007651351854606938,0.0,648,358,2
17,clip_dim_17,-0.6595511977421817,0.0012478474150456789,0.0,760,185,2
18,clip_dim_18,-0.22313808153558096,0.0005619778796026509,0.0,640,519,2
19,clip_dim_19,0.12333388296292963,0.0005853467238099671,0.0,243,497,2
20,clip_dim_20,0.462541265414843,0.00185681518896428,0.0,27,116,2
21,clip_dim_21,-0.17570774908804965,0.0004821711891897416,0.0,595,582,2
12,clip_dim_12,0.4315916407056688,0.0011351711304178295,0.0,36,214,2
95,clip_dim_95,-0.23921751298188013,0.0006051856494820298,0.0,653,484,2
47,clip_dim_47,-0.5991942272380061,0.004602330706916781,0.0,752,33,2
49,clip_dim_49,-0.09397363847397164,0.0005603283864796304,0.0,504,521,2
74,clip_dim_74,0.05134178478682651,0.0002404179358168849,0.0,333,750,2
75,clip_dim_75,0.151977829193826,0.0005791154628349034,0.0,218,501,2
76,clip_dim_76,0.07041648458206048,0.0007809538054533305,0.0,312,350,2
77,clip_dim_77,-0.050563473082863984,0.0004231556825637198,0.0,462,631,2
78,clip_dim_78,0.3011194006567831,0.0005723552722098936,0.0,92,509,2
79,clip_dim_79,0.37835064832469395,0.003913555278370589,0.0,47,46,2
80,clip_dim_80,0.34243993838141085,0.004188023485354349,0.0,57,39,2
81,clip_dim_81,0.7398659065987239,0.002142265576998829,0.0,6,101,2
82,clip_dim_82,-0.06464571763258256,0.0006725412836569806,0.0,471,433,2
73,clip_dim_73,-0.168973099275245,0.001544003234471017,0.0,591,143,2
83,clip_dim_83,0.31609586426905634,0.0007359486555174853,0.0,78,382,2
85,clip_dim_85,0.0288135558527913,0.0006618206867287234,0.0,369,439,2
86,clip_dim_86,0.3240848239024332,0.0009173103070677333,0.0,70,284,2
87,clip_dim_87,0.17628101375235025,0.002180949074340966,0.0,191,96,2
88,clip_dim_88,0.11786011006500421,0.0003689249141132062,0.0,257,663,2
89,clip_dim_89,-0.28257133454922734,0.0009764156939983916,0.0,675,271,2
90,clip_dim_90,-0.13173227729215234,0.0004346737226238325,0.0,543,622,2
91,clip_dim_91,-0.15962725643763043,0.0008232377104625528,0.0,577,337,2
92,clip_dim_92,-0.2058984177438851,0.0005430995554713025,0.0,618,532,2
93,clip_dim_93,-0.39941833775024244,0.005002238958149437,0.0,723,26,2
84,clip_dim_84,0.30451538183255605,0.001250780835649296,0.0,85,184,2
48,clip_dim_48,-0.23126728760454032,0.001214865257988471,0.0,647,194,2
72,clip_dim_72,0.3772224077236219,0.004233639458826504,0.0,48,38,2
70,clip_dim_70,0.44674703351372513,0.0012379347109768932,0.0,31,188,2
50,clip_dim_50,-0.03639083066772323,0.00028234157440301053,0.0,452,727,2
51,clip_dim_51,-0.2818740059728314,0.001658132525692407,0.0,674,130,2
52,clip_dim_52,-0.0072258735389892845,0.0004643169708674396,0.0,418,597,2
53,clip_dim_53,0.21025640221152628,0.0014338644802695307,0.0,149,155,2
54,clip_dim_54,0.641960302497235,0.0017202157473598764,0.0,11,128,2
55,clip_dim_55,0.1868963289908656,0.0003646285525062595,0.0,175,667,2
56,clip_dim_56,0.0372195585037179,0.0005193876916538916,0.0,358,544,2
57,clip_dim_57,-0.18345657547425692,0.00029895515788176387,0.0,602,720,2
58,clip_dim_58,-0.20994707794191514,0.00048179431764131935,0.0,624,584,2
71,clip_dim_71,0.6547897100002201,0.00498149924867214,0.0,9,27,2
59,clip_dim_59,1.1735689428309537,0.010456304291305597,0.0,2,8,2
61,clip_dim_61,-0.3009363490355047,0.0008018893162868917,0.0,686,347,2
62,clip_dim_62,0.0471630277181983,6.341001820585542e-05,0.0,342,767,2
63,clip_dim_63,0.22822788485393852,0.0006649020034428834,0.0,136,436,2
64,clip_dim_64,0.0867848520258773,0.0003432456854263882,0.0,294,686,2
65,clip_dim_65,-0.33352699394935875,0.0023107862660988947,0.0,701,87,2
66,clip_dim_66,0.013821443815298772,0.00024246320036795427,0.0,385,749,2
67,clip_dim_67,0.05762480199746746,0.0005386421841621434,0.0,329,534,2
68,clip_dim_68,0.4682552810502997,0.004425368150270183,0.0,25,35,2
69,clip_dim_69,0.4773547300739913,0.0015265018834813091,0.0,22,148,2
60,clip_dim_60,-0.010406169590648816,0.0003839519873978835,0.0,421,657,2
766,clip_dim_766,-0.33703404918251506,0.0018834785835835284,0.0,703,115,2
191,clip_dim_191,0.11650654735720169,0.0003290037431545736,0.0,258,702,2
193,clip_dim_193,-0.17819761854242158,0.00042020660622776195,0.0,597,633,2
314,clip_dim_314,-0.03046844636498297,0.0005207013808214742,0.0,447,543,2
315,clip_dim_315,-0.42022306388168296,0.0012351947716005788,0.0,728,189,2
316,clip_dim_316,-0.04999379037445238,0.0005865689888425973,0.0,461,496,2
317,clip_dim_317,0.32277473047008376,0.0039584856653103765,0.0,72,44,2
318,clip_dim_318,-0.16299182025836234,0.0008230054736517481,0.0,580,338,2
319,clip_dim_319,-0.056937104074440956,0.0006001696394647248,0.0,466,489,2
320,clip_dim_320,0.22027058328783072,0.0002962095053821332,0.0,139,721,2
321,clip_dim_321,0.15827675677182718,0.0005795445565629,0.0,212,500,2
322,clip_dim_322,-0.16430113808472893,0.0011500205820549855,0.0,585,208,2
313,clip_dim_313,-0.05293712371626518,0.0005080886233599826,0.0,464,558,2
323,clip_dim_323,0.07533801954164113,0.0003140453450092472,0.0,307,711,2
325,clip_dim_325,0.0013397211578701788,0.0003405117400727847,0.0,404,692,2
326,clip_dim_326,0.3406601028110902,0.0007187221603264205,0.0,59,400,2
327,clip_dim_327,-0.10047293316524687,0.000737312782175272,0.0,512,379,2
328,clip_dim_328,0.03471810122677967,0.000304706358436675,0.0,361,714,2
329,clip_dim_329,0.30123984988229285,0.0011857103139225622,0.0,91,199,2
330,clip_dim_330,0.11849053468233824,0.0005164401110824043,0.0,255,548,2
331,clip_dim_331,-0.058344730031878324,0.0004226099014808379,0.0,467,632,2
332,clip_dim_332,0.6287252696090035,0.0029531054500353884,0.0,12,62,2
333,clip_dim_333,0.11311102217472215,0.00011729322312453872,0.0,262,763,2
324,clip_dim_324,0.30227889230741795,0.001599382050554256,0.0,89,137,2
334,clip_dim_334,-0.23123975307586375,0.0007298434444541991,0.0,646,391,2
312,clip_dim_312,0.12187437978150834,0.0008184479675023066,0.0,246,342,2
310,clip_dim_310,-0.21515527022102007,0.0013387407726473902,0.0,631,167,2
290,clip_dim_290,-0.016750668340480668,0.0005381736713646292,0.0,431,535,2
291,clip_dim_291,0.305891654780928,0.0013359136372175756,0.0,84,168,2
292,clip_dim_292,0.0934472625154974,0.0008020680726221324,0.0,287,346,2
293,clip_dim_293,-0.15763431929147922,0.0009219380262351022,0.0,576,283,2
294,clip_dim_294,0.4778068158827319,0.002969451256544393,0.0,21,60,2
295,clip_dim_295,0.26497888960144406,0.0015531118362604145,0.0,112,141,2
296,clip_dim_296,0.2828883597468491,0.0036575387961417486,0.0,104,49,2
297,clip_dim_297,0.24213918161831044,0.0017944969523603417,0.0,122,121,2
298,clip_dim_298,-0.155186516717837,0.0011109662800978563,0.0,572,220,2
311,clip_dim_311,0.1190143222775888,0.0008907263304337884,0.0,254,299,2
299,clip_dim_299,-0.16359711486888517,0.0002612399078500478,0.0,582,739,2
301,clip_dim_301,-0.24888095467454624,0.001089359954056313,0.0,656,227,2
302,clip_dim_302,-0.14743126618860974,0.0006033126132145596,0.0,564,486,2
303,clip_dim_303,0.33427020286409065,0.00132117719880729,0.0,67,172,2
304,clip_dim_304,-0.09015521801141002,0.000362976595759959,0.0,498,669,2
305,clip_dim_305,-0.22225487226263854,0.0014249977373926967,0.0,639,157,2
306,clip_dim_306,0.06182295188734436,0.000735010620617291,0.0,325,383,2
307,clip_dim_307,-0.2965311110130043,0.0005912106935628275,0.0,681,493,2
308,clip_dim_308,-0.6032585275101827,0.009646344623351613,0.0,753,11,2
309,clip_dim_309,0.19613400089516572,0.0010449352092710353,0.0,165,250,2
300,clip_dim_300,-0.04057327150272366,0.0005046716356437737,0.0,455,561,2
289,clip_dim_289,-0.04021890717489421,0.000468701183763216,0.0,454,593,2
335,clip_dim_335,-0.6147933836561903,0.002590501278760186,0.0,757,81,2
337,clip_dim_337,-0.08323506211449021,0.00026580453639903046,0.0,487,737,2
362,clip_dim_362,0.2809242458951093,0.0008322037452295471,0.0,105,329,2
363,clip_dim_363,0.3101457754249661,0.002291387973825112,0.0,81,90,2
364,clip_dim_364,-0.15539659185860127,0.0002630284878711969,0.0,574,738,2
365,clip_dim_365,0.004411871882864147,0.00036701555678558345,0.0,397,664,2
366,clip_dim_366,0.008047258937484272,0.0005044632719519757,0.0,395,562,2
367,clip_dim_367,0.06855169639422172,0.00028839210516076757,0.0,314,722,2
368,clip_dim_368,0.08171521490882463,0.0004450553269436265,0.0,300,612,2
369,clip_dim_369,0.04193111340799377,0.0009143827213075221,0.0,348,286,2
370,clip_dim_370,0.11084435909785827,0.00024283074903604053,0.0,270,748,2
361,clip_dim_361,-0.24634810965139753,0.001068205377127346,0.0,655,238,2
371,clip_dim_371,-0.2834985091056273,0.0015315972544541223,0.0,678,147,2
373,clip_dim_373,-0.4721715606663636,0.0034470903409624457,0.0,736,51,2
374,clip_dim_374,-0.11187238821525633,0.0007241293519661693,0.0,528,397,2
375,clip_dim_375,-0.038195115365536374,0.0004116828328740293,0.0,453,640,2
376,clip_dim_376,-0.47535275183464193,0.002907431073194113,0.0,739,65,2
377,clip_dim_377,-0.0933030828066112,0.0007449809295657176,0.0,502,372,2
378,clip_dim_378,-0.0768360880138584,0.00035148660805377885,0.0,483,676,2
379,clip_dim_379,0.027226828669200495,0.00034659367594675573,0.0,372,679,2
380,clip_dim_380,0.2103877068487216,0.0007376310674424801,0.0,148,377,2
381,clip_dim_381,0.3416413567181306,0.002053147667753744,0.0,58,105,2
372,clip_dim_372,-0.3615894528547169,0.0013481582535406608,0.0,710,166,2
336,clip_dim_336,-0.06706519436539755,0.0007321421010877064,0.0,473,386,2
360,clip_dim_360,0.3276182518396233,0.001135087663024394,0.0,68,215,2
358,clip_dim_358,-0.0018767679939852917,0.0007434389345390191,0.0,406,374,2
338,clip_dim_338,-0.03390801995769891,0.0006603975894204281,0.0,449,441,2
339,clip_dim_339,0.33603196100276383,0.0040508557580565385,0.0,65,42,2
340,clip_dim_340,0.06986725777597898,0.0006366824763116922,0.0,313,461,2
341,clip_dim_341,-0.019248651882775684,0.00030512025040510803,0.0,434,713,2
342,clip_dim_342,0.19286511331497902,0.0009006018186975215,0.0,169,294,2
343,clip_dim_343,0.374659822545521,0.004332799584378968,0.0,50,37,2
344,clip_dim_344,-0.1458844665669306,0.0007694428076086896,0.0,562,354,2
345,clip_dim_345,0.2224915337569612,0.0008525190368267623,0.0,138,318,2
346,clip_dim_346,-0.12948081748162393,0.0009136524265816902,0.0,540,287,2
359,clip_dim_359,0.7611715737311681,0.004712616605680273,0.0,4,31,2
347,clip_dim_347,-0.20550871578715962,0.000875348738153129,0.0,617,306,2
349,clip_dim_349,0.03162971215314914,0.0003842895664170565,0.0,365,656,2
350,clip_dim_350,-0.16417961328016226,0.00030389611495433544,0.0,584,715,2
351,clip_dim_351,-0.09935016075387991,0.0008792211984762246,0.0,510,305,2
352,clip_dim_352,0.2701486956809207,0.0008575569179298767,0.0,110,315,2
353,clip_dim_353,0.024462359971120298,0.0010519791706806963,0.0,374,244,2
354,clip_dim_354,0.8926558280049203,0.016614499849675706,0.0,3,3,2
355,clip_dim_355,-0.07381082868362529,0.0002243498521475019,0.0,481,756,2
356,clip_dim_356,0.1669110706853184,0.0007438511767274577,0.0,200,373,2
357,clip_dim_357,-0.18983199496502431,0.0010833072611518308,0.0,606,231,2
348,clip_dim_348,0.057996217523001804,0.0007394006092638751,0.0,328,375,2
192,clip_dim_192,0.12228722581797725,0.000388041165236133,0.0,245,654,2
288,clip_dim_288,-0.19824251508716106,0.0007091841232072223,0.0,610,403,2
286,clip_dim_286,0.5066947403916358,0.007051387961437867,0.0,19,16,2
218,clip_dim_218,0.04034298034637847,0.00031083388578072237,0.0,350,712,2
219,clip_dim_219,0.20984338540936126,0.00044977661734155964,0.0,151,607,2
220,clip_dim_220,0.6468553586969656,0.001509048480937109,0.0,10,149,2
221,clip_dim_221,-0.4175889419295043,0.0013875567191240104,0.0,727,161,2
222,clip_dim_222,-0.08419236167698937,0.0003342410240979234,0.0,490,698,2
223,clip_dim_223,0.06845613141473948,0.0004482126605915416,0.0,315,609,2
224,clip_dim_224,-0.1980544343386073,0.0022676894589130038,0.0,609,91,2
225,clip_dim_225,-0.29733936621623674,0.002258794102507416,0.0,684,92,2
226,clip_dim_226,-0.09343380770970297,0.0008082925040321688,0.0,503,345,2
217,clip_dim_217,-0.20923160587568737,0.0011743066926427034,0.0,621,202,2
227,clip_dim_227,0.09187176047775977,0.00024708425342746863,0.0,291,746,2
229,clip_dim_229,-0.15288038354063027,0.0008862078443063432,0.0,570,300,2
230,clip_dim_230,0.16591952646785346,0.0007255548152802549,0.0,201,394,2
231,clip_dim_231,-0.2624160841359807,0.0002851347248330971,0.0,663,724,2
232,clip_dim_232,-0.653280581817626,0.007098002612588216,0.0,759,15,2
233,clip_dim_233,0.23566221580535723,0.0015331138915939322,0.0,131,146,2
234,clip_dim_234,-0.15456057932062992,0.001137631402659795,0.0,571,212,2
235,clip_dim_235,-0.15106717933865865,0.00040291438711099846,0.0,567,645,2
236,clip_dim_236,-0.014322570767296728,0.0007341906101185374,0.0,427,385,2
237,clip_dim_237,0.16346252238520317,0.0009976941070080074,0.0,207,263,2
228,clip_dim_228,-0.3135489206858,0.00402001304720517,0.0,689,43,2
238,clip_dim_238,0.03926409033085329,0.0004977487937680343,0.0,354,571,2
216,clip_dim_216,0.4279434487636292,0.0017399080489794152,0.0,37,125,2
214,clip_dim_214,-0.2685651221844064,0.0015489504040395725,0.0,665,142,2
194,clip_dim_194,0.150646720277961,0.0006577367902843337,0.0,220,444,2
195,clip_dim_195,-0.40407257546606457,0.002843282747228361,0.0,725,67,2
196,clip_dim_196,-0.08382070810200644,0.0012411777005244709,0.0,488,186,2
197,clip_dim_197,0.14432850637701816,0.000676614141056064,0.0,225,430,2
198,clip_dim_198,-0.11917354510324998,0.0004615884401316244,0.0,531,599,2
199,clip_dim_199,-0.692436075030485,0.008809276129136952,0.0,762,12,2
200,clip_dim_200,0.12298413010257533,0.0006118117795541144,0.0,244,480,2
201,clip_dim_201,0.033396179286926043,0.0002678625709550637,0.0,363,736,2
202,clip_dim_202,0.16415658376821782,0.0007998006701532563,0.0,206,348,2
215,clip_dim_215,0.044962232869427875,0.0001837924698188838,0.0,347,759,2
203,clip_dim_203,-0.10802436911472137,0.0003666204113975826,0.0,523,665,2
205,clip_dim_205,0.4127989278014704,0.0011861928421027345,0.0,41,198,2
206,clip_dim_206,-0.030504372746380213,0.00019799611490734208,0.0,448,758,2
207,clip_dim_207,0.19385573493328792,0.0010855907847976925,0.0,166,228,2
208,clip_dim_208,-0.017717481035332588,0.0004806828364058954,0.0,433,585,2
209,clip_dim_209,-0.4551564462351436,0.0057049739163816246,0.0,734,23,2
210,clip_dim_210,-0.3280652487720312,0.0016208206222368628,0.0,699,134,2
211,clip_dim_211,0.15089907582763126,0.0009362424660732613,0.0,219,278,2
212,clip_dim_212,-0.2834555083801277,0.0015081397750441644,0.0,677,150,2
213,clip_dim_213,0.0878350538112406,0.00043925253965925565,0.0,293,617,2
204,clip_dim_204,-0.003404161948796697,0.0003362355670650008,0.0,411,696,2
287,clip_dim_287,-0.13852348309048598,0.0005895299479187207,0.0,550,494,2
239,clip_dim_239,-0.10787777575128517,0.0011461708325992861,0.0,521,210,2
241,clip_dim_241,-0.9831000954945827,0.0013685508680677226,0.0,768,164,2
266,clip_dim_266,0.19946162549154092,0.0006006740378257437,0.0,163,488,2
267,clip_dim_267,0.10842347926794343,0.0007391120060265295,0.0,275,376,2
268,clip_dim_268,0.032167420871286746,0.0005183131760443842,0.0,364,545,2
269,clip_dim_269,0.0037449989401971643,0.0006659389646762232,0.0,398,435,2
270,clip_dim_270,-0.10511723733626976,0.0005488312272397135,0.0,518,529,2
271,clip_dim_271,-0.0030473413360981097,0.00025031159185616366,0.0,410,745,2
272,clip_dim_272,0.16587006831071893,0.0008270092942819727,0.0,202,332,2
273,clip_dim_273,-0.581494434557936,0.006954728361227313,0.0,751,18,2
274,clip_dim_274,-0.025850555478248195,0.0007495727282678761,0.0,442,369,2
265,clip_dim_265,0.5399885259107434,0.0039345875253028895,0.0,15,45,2
275,clip_dim_275,0.17807814139365397,0.0003369310106751138,0.0,187,694,2
277,clip_dim_277,0.1538675201384963,0.0007363341752279529,0.0,216,381,2
278,clip_dim_278,-0.2243640854886292,0.0014879449416819268,0.0,642,152,2
279,clip_dim_279,-0.017448064901266512,0.00046317322345138196,0.0,432,598,2
280,clip_dim_280,-0.0853401998029996,0.0011507875836613188,0.0,493,206,2
281,clip_dim_281,-0.18190482591755278,0.0005012561029541679,0.0,600,566,2
282,clip_dim_282,0.1657675795923887,0.0009637983635367111,0.0,203,272,2
283,clip_dim_283,-0.21702475170913474,0.002116534513188794,0.0,632,102,2
284,clip_dim_284,-0.14575048693602694,0.0010590977333104375,0.0,561,240,2
285,clip_dim_285,-0.21986930723050543,0.000683680064629973,0.0,637,423,2
276,clip_dim_276,-0.47336640950586883,0.0015626150279528718,0.0,737,139,2
240,clip_dim_240,0.013862721932572798,0.0004177348708509526,0.0,384,635,2
264,clip_dim_264,-0.1417042870435933,0.0008815160916711755,0.0,554,303,2
262,clip_dim_262,0.10289256652176938,0.0009914785123102277,0.0,277,266,2
242,clip_dim_242,-0.30336260756766864,0.0011534894821184185,0.0,687,205,2
243,clip_dim_243,-0.1480004430938993,0.0004505897514847582,0.0,565,604,2
244,clip_dim_244,0.42143741632411147,0.001724354382089474,0.0,38,127,2
245,clip_dim_245,-0.19603647903700497,0.00034485483203542435,0.0,607,683,2
246,clip_dim_246,-0.12939632642862228,0.0005823117905071439,0.0,539,499,2
247,clip_dim_247,0.027819168983589857,0.00028317479475207174,0.0,371,726,2
248,clip_dim_248,-0.3335909687877716,0.0015543110892226742,0.0,702,140,2
249,clip_dim_249,0.12172058261356569,0.00042335201788291856,0.0,247,630,2
250,clip_dim_250,-0.05334066583527987,0.0006118445859261988,0.0,465,479,2
263,clip_dim_263,0.6756716483156786,0.0030208026910023508,0.0,8,58,2
251,clip_dim_251,0.11089375081457811,0.0014715828627551995,0.0,268,153,2
253,clip_dim_253,0.17852007035425355,0.001132835255269245,0.0,186,216,2
254,clip_dim_254,-0.17321943397253659,0.0003463189251545518,0.0,594,680,2
255,clip_dim_255,-0.1798027868513808,0.0005525841029416657,0.0,599,526,2
256,clip_dim_256,0.17948698296738447,0.0005157303354703642,0.0,184,549,2
257,clip_dim_257,0.019525548050073747,0.0003726606051717986,0.0,378,661,2
258,clip_dim_258,-0.34395774592166145,0.0030111665877517115,0.0,706,59,2
259,clip_dim_259,-0.13163969724993418,0.0005769796820648939,0.0,542,505,2
260,clip_dim_260,0.033684610750140724,0.0003608420692749972,0.0,362,670,2
261,clip_dim_261,0.6138506152192682,0.0026865380323419638,0.0,13,75,2
252,clip_dim_252,-0.01593224333158578,0.0001059614344166179,0.0,428,764,2
0,clip_dim_0,0.3175669460937078,0.0010746121564851874,-1.3539485726435256e-05,77,236,3
